{
   "abstract" : "Spiffy Perl Interface Framework For You",
   "author" : [
      "Ingy döt Net <ingy@cpan.org>"
   ],
   "dynamic_config" : 0,
   "generated_by" : "Dist::Zilla version 5.019, CPAN::Meta::Converter version 2.132830",
   "license" : [
      "perl_5"
   ],
   "meta-spec" : {
      "url" : "http://search.cpan.org/perldoc?CPAN::Meta::Spec",
      "version" : "2"
   },
   "name" : "Spiffy",
   "no_index" : {
      "directory" : [
         "inc",
         "t",
         "xt",
         "example"
      ]
   },
   "prereqs" : {
      "configure" : {
         "requires" : {
            "ExtUtils::MakeMaker" : "6.30"
         }
      },
      "develop" : {
         "requires" : {
            "Test::Pod" : "1.41"
         }
      },
      "runtime" : {
         "requires" : {
            "perl" : "v5.8.1"
         }
      }
   },
   "release_status" : "stable",
   "resources" : {
      "bugtracker" : {
         "web" : "https://github.com/ingydotnet/spiffy-pm/issues"
      },
      "homepage" : "https://github.com/ingydotnet/spiffy-pm",
      "repository" : {
         "type" : "git",
         "url" : "https://github.com/ingydotnet/spiffy-pm.git",
         "web" : "https://github.com/ingydotnet/spiffy-pm"
      }
   },
   "version" : "0.46"
}

