{
   "abstract" : "Check for the presence of a compiler",
   "author" : [
      "Leon Timmermans <fawaka@gmail.com>"
   ],
   "dynamic_config" : 0,
   "generated_by" : "Dist::Zilla version 6.031, CPAN::Meta::Converter version 2.150010",
   "license" : [
      "perl_5"
   ],
   "meta-spec" : {
      "url" : "http://search.cpan.org/perldoc?CPAN::Meta::Spec",
      "version" : 2
   },
   "name" : "ExtUtils-HasCompiler",
   "prereqs" : {
      "configure" : {
         "requires" : {
            "ExtUtils::MakeMaker" : "0",
            "perl" : "5.006"
         }
      },
      "develop" : {
         "requires" : {
            "Test::More" : "0",
            "Test::Pod" : "1.41"
         }
      },
      "runtime" : {
         "requires" : {
            "Carp" : "0",
            "DynaLoader" : "0",
            "Exporter" : "0",
            "ExtUtils::Mksymlists" : "0",
            "File::Basename" : "0",
            "File::Spec::Functions" : "0",
            "File::Temp" : "0",
            "base" : "0",
            "perl" : "5.006",
            "strict" : "0",
            "warnings" : "0"
         }
      },
      "test" : {
         "requires" : {
            "Cwd" : "0",
            "File::Path" : "0",
            "File::Spec" : "0",
            "IO::Handle" : "0",
            "IPC::Open3" : "0",
            "Test::More" : "0",
            "perl" : "5.006"
         }
      }
   },
   "provides" : {
      "ExtUtils::HasCompiler" : {
         "file" : "lib/ExtUtils/HasCompiler.pm",
         "version" : "0.025"
      }
   },
   "release_status" : "stable",
   "resources" : {
      "bugtracker" : {
         "web" : "https://github.com/Leont/extutils-hascompiler/issues"
      },
      "repository" : {
         "type" : "git",
         "url" : "git://github.com/Leont/extutils-hascompiler.git",
         "web" : "https://github.com/Leont/extutils-hascompiler"
      }
   },
   "version" : "0.025",
   "x_generated_by_perl" : "v5.38.0",
   "x_serialization_backend" : "Cpanel::JSON::XS version 4.36",
   "x_spdx_expression" : "Artistic-1.0-Perl OR GPL-1.0-or-later"
}

