{
   "abstract" : "Yet another Tk interface",
   "author" : [
      "Gisle Aas <gisle@activestate.com>"
   ],
   "dynamic_config" : 1,
   "generated_by" : "ExtUtils::MakeMaker version 7.58, CPAN::Meta::Converter version 2.150010",
   "license" : [
      "perl_5"
   ],
   "meta-spec" : {
      "url" : "http://search.cpan.org/perldoc?CPAN::Meta::Spec",
      "version" : 2
   },
   "name" : "Tkx",
   "no_index" : {
      "directory" : [
         "t",
         "inc"
      ]
   },
   "prereqs" : {
      "build" : {
         "requires" : {
            "ExtUtils::MakeMaker" : "0"
         }
      },
      "configure" : {
         "requires" : {
            "ExtUtils::MakeMaker" : "0"
         }
      },
      "runtime" : {
         "requires" : {
            "Tcl" : "1.00",
            "perl" : "5.008"
         }
      }
   },
   "release_status" : "stable",
   "resources" : {
      "bugtracker" : {
         "web" : "https://github.com/chrstphrchvz/tkx/issues"
      },
      "repository" : {
         "type" : "git",
         "url" : "https://github.com/chrstphrchvz/tkx.git",
         "web" : "https://github.com/chrstphrchvz/tkx"
      },
      "x_MailingList" : "mailto:tcltk@perl.org"
   },
   "version" : "1.10",
   "x_serialization_backend" : "JSON::PP version 4.04"
}
