{
   "abstract" : "YAML Ain't Markup Language™",
   "author" : [
      "Ingy döt Net <ingy@cpan.org>"
   ],
   "dynamic_config" : 0,
   "generated_by" : "Dist::Zilla version 6.030, CPAN::Meta::Converter version 2.150010, CPAN::Meta::Converter version 2.150001",
   "license" : [
      "perl_5"
   ],
   "meta-spec" : {
      "url" : "http://search.cpan.org/perldoc?CPAN::Meta::Spec",
      "version" : "2"
   },
   "name" : "YAML",
   "no_index" : {
      "directory" : [
         "example",
         "inc",
         "t",
         "xt"
      ]
   },
   "prereqs" : {
      "build" : {
         "requires" : {
            "ExtUtils::MakeMaker" : "0"
         }
      },
      "configure" : {
         "requires" : {
            "ExtUtils::MakeMaker" : "0"
         }
      },
      "develop" : {
         "requires" : {
            "Test::Pod" : "1.41"
         }
      },
      "runtime" : {
         "requires" : {
            "perl" : "5.008001"
         }
      },
      "test" : {
         "requires" : {
            "Encode" : "0",
            "Test::Deep" : "0",
            "Test::More" : "0.88",
            "Test::YAML" : "1.05"
         }
      }
   },
   "release_status" : "stable",
   "resources" : {
      "bugtracker" : {
         "web" : "https://github.com/ingydotnet/yaml-pm/issues"
      },
      "homepage" : "https://github.com/ingydotnet/yaml-pm",
      "repository" : {
         "type" : "git",
         "url" : "https://github.com/ingydotnet/yaml-pm.git",
         "web" : "https://github.com/ingydotnet/yaml-pm"
      }
   },
   "version" : "1.31",
   "x_generated_by_perl" : "v5.28.0",
   "x_serialization_backend" : "Cpanel::JSON::XS version 4.06",
   "x_spdx_expression" : "Artistic-1.0-Perl OR GPL-1.0-or-later"
}
