{
   "abstract" : "A wrapper for perl's configuration",
   "author" : [
      "Ken Williams <kwilliams@cpan.org>",
      "Leon Timmermans <leont@cpan.org>"
   ],
   "dynamic_config" : 0,
   "generated_by" : "Dist::Zilla version 6.031, CPAN::Meta::Converter version 2.150010, CPAN::Meta::Converter version 2.150001",
   "license" : [
      "perl_5"
   ],
   "meta-spec" : {
      "url" : "http://search.cpan.org/perldoc?CPAN::Meta::Spec",
      "version" : "2"
   },
   "name" : "ExtUtils-Config",
   "prereqs" : {
      "build" : {
         "requires" : {
            "ExtUtils::MakeMaker" : "0"
         }
      },
      "configure" : {
         "requires" : {
            "ExtUtils::MakeMaker" : "0"
         }
      },
      "develop" : {
         "requires" : {
            "Pod::Coverage::TrustPod" : "0",
            "Test::More" : "0",
            "Test::Pod" : "1.41",
            "Test::Pod::Coverage" : "1.08"
         }
      },
      "runtime" : {
         "requires" : {
            "Data::Dumper" : "0",
            "ExtUtils::MakeMaker::Config" : "0",
            "perl" : "5.006",
            "strict" : "0",
            "warnings" : "0"
         }
      },
      "test" : {
         "requires" : {
            "File::Spec" : "0",
            "IO::Handle" : "0",
            "IPC::Open3" : "0",
            "Test::More" : "0.88"
         }
      }
   },
   "provides" : {
      "ExtUtils::Config" : {
         "file" : "lib/ExtUtils/Config.pm",
         "version" : "0.010"
      },
      "ExtUtils::Config::MakeMaker" : {
         "file" : "lib/ExtUtils/Config/MakeMaker.pm",
         "version" : "0.010"
      }
   },
   "release_status" : "stable",
   "resources" : {
      "bugtracker" : {
         "web" : "https://github.com/Perl-Toolchain-Gang/extutils-config/issues"
      },
      "repository" : {
         "type" : "git",
         "url" : "git://github.com/Perl-Toolchain-Gang/extutils-config.git",
         "web" : "https://github.com/Perl-Toolchain-Gang/extutils-config"
      }
   },
   "version" : "0.010",
   "x_generated_by_perl" : "v5.38.0",
   "x_serialization_backend" : "Cpanel::JSON::XS version 4.36",
   "x_spdx_expression" : "Artistic-1.0-Perl OR GPL-1.0-or-later"
}
