{
   "abstract" : "Tcl extension module for Perl",
   "author" : [
      "unknown"
   ],
   "dynamic_config" : 0,
   "generated_by" : "ExtUtils::MakeMaker version 7.64, CPAN::Meta::Converter version 2.150010, CPAN::Meta::Converter version 2.150001",
   "license" : [
      "perl_5"
   ],
   "meta-spec" : {
      "url" : "http://search.cpan.org/perldoc?CPAN::Meta::Spec",
      "version" : "2"
   },
   "name" : "Tcl",
   "no_index" : {
      "directory" : [
         "t",
         "inc"
      ]
   },
   "prereqs" : {
      "build" : {
         "requires" : {
            "ExtUtils::MakeMaker" : "0"
         }
      },
      "configure" : {
         "requires" : {
            "ExtUtils::MakeMaker" : "0"
         }
      },
      "runtime" : {
         "requires" : {
            "perl" : "5.006"
         }
      }
   },
   "release_status" : "stable",
   "resources" : {
      "bugtracker" : {
         "web" : "https://github.com/gisle/tcl.pm/issues"
      },
      "repository" : {
         "type" : "git",
         "url" : "https://github.com/gisle/tcl.pm.git",
         "web" : "https://github.com/gisle/tcl.pm"
      },
      "x_MailingList" : "mailto:tcltk@perl.org"
   },
   "version" : "1.32",
   "x_serialization_backend" : "JSON::PP version 4.16"
}
